id,created_at,text
931541416399925248,2017-11-17 15:15:55,Here is the Chemours news story that should be the first of many https://t.co/Rq4bJ8gD4E
931540946147205120,2017-11-17 15:14:03,$CC.  Receiving many requests for comment.  One of our worst stock calls of all time but hard to get past a company… https://t.co/JH1EPcpvLB
929045538107940864,2017-11-10 17:58:11,Congrats to Cohodes on strong $OSTK call at Grants' conference.  Citron is cautious at these prices.  Would wait fo… https://t.co/Sl5TvYcxWw
925389536862945281,2017-10-31 15:50:33,No need to go back and forth with management.  This is our official response to all media regarding $SHOP  https://t.co/Fn9MwJO3Xn
923895348065574914,2017-10-27 12:53:10,@CitronAndrewL   This  Andrew Left.  If this account is not down in 1 hour this  happen https://t.co/PB12H1nj6t   Last person went to jail
923891377515020288,2017-10-27 12:37:24,Someone has impersonated Andrew Left from Citron on Twitter.  Account has been  reported.  Whoever did this- read https://t.co/PB12H1nj6t
923199997587308545,2017-10-25 14:50:06,1 yr ago Citron long $RH at $30 https://t.co/oKfjCnFJnT Stock up  150+%.  NOT comfort owning here with new cap struct.  Knowing when to sell
922841907746574336,2017-10-24 15:07:11,Citron exposes even more shady distributors at $mdxg.  Could end worse for the employees than investors. Tgt-$3 (after SEC and DOJ investig)
918546790550515713,2017-10-12 18:39:55,Covering $hmny. Don’t like to stay short companies that are expected to lose money high borrow $  hit tgt price in one day.  all timing
918109339897835520,2017-10-11 13:41:38,$hmny stock to trade back to $20 Retail investors are warned. You might like product but $1+bill it isn’t.   Giving away $1 for .90 no biz
915592792750952448,2017-10-04 15:01:47,Here is the story that provides all the evidence the FTC needs agasint Shopify  $SHOP tgt $60 - being generous https://t.co/QBKEIVdpTa
915574820099649537,2017-10-04 13:50:22,Full story up in one hour...video live now...$SHOP is not the company Wall Street has sold you.  The FTC is going to shit when they read
915574475957067777,2017-10-04 13:49:00,"$SHOP a business dirtier than $HLF   If the company has 2,500 plus merchants and 25k advanced...who are other 470k merchants?  @FTC"
913054305619283968,2017-09-27 14:54:44,"$veri is not artificial intelligence, more like natural stupidity.  Stock should trade right back to $20."
912350077766606848,2017-09-25 16:16:23,First lawsuit filed against $UBNT today CIVIL DOCKET FOR CASE #: 1:17-cv-07279 Gericke v. Ubiquiti Networks Inc. et al.  Can't HIDE NOW
912342274406735872,2017-09-25 15:45:23,$UBNT @RobertPera @ScottWapnerCNBC Investor day tom Let's get answers for these 10 questions.  https://t.co/RL3GQgd05g .  Fake cash is Fraud
911250399398551552,2017-09-22 15:26:40,Cannot argue with this analysis- target $10   Smarter work than ANYONE on Wall Street has ever done on Wayfair.  https://t.co/JpDPS8NA7A
911250360802541569,2017-09-22 15:26:30,Smartest piece EVER written on $W.  Not by a short or long. By a team of Ivy League scientists who specialize in predictive models. $10 tgt
909846915726032896,2017-09-18 18:29:43,"$UBNT Mr. Pera, I will debate you on CNBC anytime you would like.  I am never too busy to stand by solid research."
909778805924835328,2017-09-18 13:59:04,Andrew Left of Citron on CNBC @HalftimeReport  to explain $UBNT fraud thesis
909775549219794944,2017-09-18 13:46:08,Citron Reports on $UBNT.  Believe total FRAUD. All claims supported by fact. https://t.co/Fn9MwJO3Xn.  Not seen anything like this in YEARS
907971673743171585,2017-09-13 14:18:10,Too many emails from Bitcoin followers. Current NAV of $GBTC is $355 without.  Still trading at a 75% premium.  #screwjob  $400 with cash
905135815562375168,2017-09-05 18:29:29,Citron updates $GBTC We explain $GBTC  should be $500 most with todays bitcoin price https://t.co/Fn9MwJO3Xn  Potential for total loss!!!
903300703594070016,2017-08-31 16:57:24,Andrew Left from Citron on CNBC at 5:30 EST to explain why holders of $GBTC are at risk of losing 50% of their investment in next month
903286529312751616,2017-08-31 16:01:05,$GBTC Warning Investors- No Reason this trades higher than $550 a share.  Do you know what you own? The most danger… https://t.co/5zNc32sfy5
900362909926043648,2017-08-23 14:23:40,Motorola Solutions $MSI Total Eclipse of the Truth.  Stock going to $45 once the market understand the new reality. https://t.co/dVIjVPakNf
877897150981562368,2017-06-22 14:32:45,$MNK Breaking News from the FDA FAERS database.  Adverse events from Acthar up over 280%  Not an opinion- FACT.   https://t.co/Fn9MwJO3Xn
875758296015134720,2017-06-16 16:53:43,Fear $AMZN.  Today reinforces why $W Wayfair shareholders should be concerned. Citron pressing short tgt$50  Multi… https://t.co/QgCp3o5yhz
873183647095939072,2017-06-09 14:22:59,$NVDA become a casino stock.  Will trade back to $130 before $180  If you think no comp READ Google whitepaper https://t.co/dVIjVPakNf
871733987517091840,2017-06-05 14:22:33,Click Here for $MNK bankruptcy  https://t.co/s87E9LREFk
871733460121137152,2017-06-05 14:20:27,$MNK BK  Citron exposes NEW info.  $ESRX speaks about Acthar.  Respect To Chanos.  First Enron then $VRX Now $MNK   https://t.co/rUXbC788CA
870274962191298560,2017-06-01 13:44:54,Could $BBRY bet he next $NVDA.  60 mil car install base cannot be ignored.  $BBRY could go uo 100% from here.  https://t.co/RL3GQgd05g
869967329748164609,2017-05-31 17:22:29,Wayfair - add this to  F#$ $W column.  Today WalMart starts natl commercials for Hayneedle.No aquisition there… https://t.co/mqgg4slWDV
869951353661005824,2017-05-31 16:19:00,"Citron issues challenge to $EXAS   Wall St has the price of Cologuard at over $500, yet company does not disclose p… https://t.co/wmT0d2u9kh"
867042132527259648,2017-05-23 15:38:47,"DO NOT BELIEVE CITRON! For undisputed evidence that $EXAS is on its way to $20 follow the ""Science"" behind $EXAS  https://t.co/RL3GQgd05g"
864470828041109504,2017-05-16 13:21:21,"Andrew Left on  Bloomberg TV ""What'd You Miss""today 3:30 EST to dispel the dangerous and potentially deadly lies told by EXAS CEO. $20  tgt"
864133936816857088,2017-05-15 15:02:40,"Andrew Left from Citron on CNBC Halftime Report today to explain why $EXAS is most important report ever.  Watch, it could save your life"
864129534144036866,2017-05-15 14:45:10,Citron's most important report in YEARS.  $EXAS to trade short term $20. Long term much lower.… https://t.co/MjIeO2Vgon
861963475114835968,2017-05-09 15:18:01,The tweet that $W Wayfair does not want you to see.  As a short there are times to add and other times to retreat -… https://t.co/DxBONw86Ff
859780929488691200,2017-05-03 14:45:22,$FLT being sued by Chevron.  Delaying transfer and Charging FEES.  Is that fake news? #douchebag See you at $100 a share Read the lawsuit
857647956748414976,2017-04-27 17:29:41,Just read the todays  piece from C.F. today on $FLT  just shorted more ..uglier than we initially thought.  Jail or fines for management?
857640958363451392,2017-04-27 17:01:53,Citron publishes the only thing you have to read on $FLT.  Earnings are meaningless without knowing their business.   TGT $80
856550698812559361,2017-04-24 16:49:35,Don't F*#$ with Bezos.  $AMZN TORPEDOES Wayfair's shit unprofitable business.   Finally real furn delivery.  RIP $W https://t.co/bWyORFyLNO
855064589771223041,2017-04-20 14:24:19,"Why is Wayfair the ONLY retailer who uses a manual process for accounting,.  Last we saw that quote was Crazy Eddie
https://t.co/asdXevWjzH"
849265427276603392,2017-04-04 14:20:31,FleetCor $FLT customers can file their complaints with the Georgia AG or the FTC at https://t.co/QnLnBHPc50  or https://t.co/dK0mjCwh8R
849265114712870913,2017-04-04 14:19:16,"Citron Research exposes the fraud at $FLT   ""Just a computer glitch""  I think we have heard that before    https://t.co/Fn9MwK5FlX"
841282847310725121,2017-03-13 13:40:35,https://t.co/YO8SByznKN
839916033834020865,2017-03-09 19:09:22,Full Story on Transdigm  https://t.co/Fn9MwJO3Xn  TGT price $140
839915282529308672,2017-03-09 19:06:22,Citron exposes more undisclosed relationships of $TDG.  The cover up is on.  Citron also points to illegal activities in gov bidding.
835146888248643585,2017-02-24 15:18:29,Updating our $NVDA call....switching focus to $MBLY Ridiculous comparison  We expect $MBLY to trade short term $35.… https://t.co/SYntAjxPJL
828985582894264320,2017-02-07 15:15:39,Andrew Left of Citron on CNBC 12:30 est to explain Motorola and the its vulnerabilities that can take the stock to $40
828985313582125056,2017-02-07 15:14:35,Citron exposes the price gouging of the gov by $MSI   Target $40.  Manag better hope Trump does not read this report https://t.co/pCJiPtEg2l
825010955390062594,2017-01-27 16:01:54,"Citron story with new CMS info here $ESRX

https://t.co/1dcpVzwf3o"
825006752705810432,2017-01-27 15:45:12,New CMS data indisputable.  Rebates damage system. @realDonaldTrump can fix drug pricing w one stroke. $ESRX is Got… https://t.co/UNYbuRwZIS
822461638087307265,2017-01-20 15:11:49,Wall street has found a company that Donald Trump would love to beat up on - $TDG https://t.co/aov3RMUdQu via @businessinsider
822461252291072000,2017-01-20 15:10:17,$TDG Is Transidgm the Valeant of the Aerospace Industry?  https://t.co/dVIjVPakNf
822455657806774272,2017-01-20 14:48:03,Citron publishes the first timely story of the Trump Presidency.  Transdigm $TDG has a target on its back  We expose the gouging of the USA
821397243106193412,2017-01-17 16:42:18,Citron exposes the lawsuits that will drive Lannett (LCI) to 0.  Price gouging and leverage at its worst in pharma.  https://t.co/Fn9MwJO3Xn
817071165088874497,2017-01-05 18:12:00,Watching the Senate hearings on Cybersecurity this morning leads Citron to believe that $PANW might be the 2017 mar… https://t.co/5k8ToGuDrX
814118491607285760,2016-12-28 14:39:08,"Citron readers know we have long been fans of $NVDA,but now the mkt is disregarding headwinds. In 2017 we will see… https://t.co/dNLNiKab57"
813544934087147521,2016-12-27 00:40:01,"""SMC Corp is the Enron of Japan.  Citron's research backs up the Wells Research Report as SMC needs to be investigated for Fraud"
813544647372873728,2016-12-27 00:38:53,SMCは日本版エンロンだ。誇張された財務数値を誰も咎めないことは大きな驚きである。我々の調査は、SMCは詐欺の疑いで調査されるべきであるとするウェル・インベストメント・リサーチの報告を支持する。
809439150487154688,2016-12-15 16:45:06,"One question nobody answers re $AVXS: After Nusinernen approval, how can AVXS enroll even one patient for pivotal study?"
809439116991467520,2016-12-15 16:44:58,$AVXS  Hot Off Press No one can tell the story better.  https://t.co/WVmofYSZ1i  Nusinersen is real and that is problem for $AVXS -$9 tgt
809126757815025664,2016-12-14 20:03:46,$AVXS next biotech blowup  12 month target $9.  For the full story go to https://t.co/Fn9MwJO3Xn
808897887660888064,2016-12-14 04:54:19,Citron Exposes more lies from Cyberdyne シトロンは、サイバーダインのさらなる嘘と欺瞞をあばく。https://t.co/Fn9MwK5FlX
806922528455159808,2016-12-08 18:04:57,When @realdonaldtrump tells $ESRX “ you’re fired” heads will roll.   The  culprit behind pharmaceutical price gouging.  Price Target $45
806921551278837760,2016-12-08 18:01:04,Watch Andrew Left from Citron on @cnbcfastmoney today at 5:30 EST to explain why $ESRX is on its way to $45
806921396391530496,2016-12-08 18:00:27,$ESRX is Philidor of the pharma industry. @therealdonaldtrump promises to fix drug pricing? Two words: EXPRESS SCRIPTS
798953947100626944,2016-11-16 18:20:39,Andrew Left on Bloomberg TV 2:30 EST to discuss $MNK and the recent Medicare Dashboard revelation.
798928262835511296,2016-11-16 16:38:35,$MNK exposed by Medicare.  CEO LYING to Wall Street.  Acthar has become most expensive drug per treatment for Medicare.  Big problems ahead
792080134270365696,2016-10-28 19:06:34,Waiting Claire McCaskill or $ESRX to rat on $MNK.  At 4 to 1 leverage $MNK will be a 0 as soon as they go the knock on the door. #actharscam
783828251055497216,2016-10-06 00:36:32,Citron releases smoking gun on Cyberdyne (7779:TK) Target 300¥  シトロンリサーチがサイバーダイン株式会社に対して動かぬ証拠を露わにする。絶対的に読まないといけない記事です。 の狙い株価は￥３００です。
768967405800349696,2016-08-26 00:24:50,"会 社 名 CYBERDYNE株式会社  300¥   柚子は、調査を求めて
https://t.co/YqjHUa4HFH"
768967058725797888,2016-08-26 00:23:28,"Citron Research Calls for Investigation Into Cyberdyne 7779 Tokyo
 for misleading statements  Target 300¥ https://t.co/YqjHUa4HFH"
768868689479278592,2016-08-25 17:52:35,McCaskill  If you don't like Mylan marketing Epipen to elderly better if they threw in a free chickenparm like $MNK https://t.co/KxDkwEKA3H
768868361321062400,2016-08-25 17:51:16,"@clairecmc Senator McCaskill  If you forgot who Mallinckrodt is, they are the pharmaceutical company that gave you $$$ to you in 2016"
768868080378187776,2016-08-25 17:50:09,"@clairecmc Sen Claire McCaskill  Before you comment on Mylan , maybe you Should look in your backyard at $MNK https://t.co/xgl7gXrkk3"
766656741312311296,2016-08-19 15:23:05,Much credit to Credit Suisse for lowering $ADS price tgt this morning to $160.  Nice to see thoughtful sell side research
766650875519471616,2016-08-19 14:59:47,LOL... Credit Suisse...showing our age
766650458765074432,2016-08-19 14:58:07,Citron exposes $ADS for who they REALLY are.  CSFB got ball rolling.  tgt $100  https://t.co/RL3GQgd05g . Gotta love the shopping cart trick
765359724460068864,2016-08-16 01:29:12,Citron Research exposes the dirty secrets of Cyberdyne (TYO:7779) most ridiculous priced stock in the WORLD.  https://t.co/Fn9MwJO3Xn
753965045009162240,2016-07-15 14:50:49,$FB  $320 billion being disrupted fast.  Engagement loss has just started.  #disruption how fast do things change. https://t.co/FrbWBks7OJ
753248236526194688,2016-07-13 15:22:28,Market starting to react that $FB could be the ultimate Pokemon loser.  Vulnerability of social media.  #thingschangefast.
742394434738737152,2016-06-13 16:33:20,Citron will save all $FB comment for another day.  Rather the focus of investors/humans to be on the Orlando tragedy and not mkt valuations.
740953721316610049,2016-06-09 17:08:28,$TLRD is showing that it is the stock version of Pantone 448C.  Bankruptcy in the next 12 months.  Nothing to save here.  DEBT DEBT DEBT
738412723231281152,2016-06-02 16:51:26,$CC is going to 0 BANKRUPT  Toxic from the balance sheet to the courtroom.  Citron releases its most important report sincs $VRX
732632091720998913,2016-05-17 18:01:16,So $MNK is not going to raise Acthar higher than $36k and they will never lower prices.  Where is @clairecmc ??? https://t.co/WFpmgaVgaY
732625928929452033,2016-05-17 17:36:47,Citron on BBTV at 3:40 EST to discuss the$1mil challenge to $MNK.  $MNK is scamming the gov and I dare them to sue https://t.co/SJIQneNjJL
732612920211705856,2016-05-17 16:45:06,Andrew Left of Citron on CNBC power lunch today with a challenge for $mnk. Putting our money where our mouth is
732600712937410561,2016-05-17 15:56:35,Andrew Left to appear on CNBC Fast Money Halftime in half hour with a real challenge to $MNK
731168394326593538,2016-05-13 17:05:04,Of all retail names $TLRD seems to be the obvious 0.  We warned investors about GPS at 28 this is MUCH worse https://t.co/X0ZjqLnpQ2
720285599131783168,2016-04-13 16:20:43,$MBLY Citron lowers to $11.  Insiders know it Goldman knows it and now you know it  https://t.co/RL3GQgd05g
717683484849016832,2016-04-06 12:00:51,Andrew Left from Citron on Bloomberg TV in studios this morning - Bloomberg Go.  9:00 am EST
710897989611487232,2016-03-18 18:37:43,"Clarification: Citron does not recommend short $MNK at $54 for short-term.  Wait for fundamentals to ""kick in"" and guide lower -like $VRX"
709811638254178304,2016-03-15 18:40:56,Mkt. is starting to realize that $MNK equal risk to $VRX. Andrew Left of @Citron on CNBC 5:30 to explain risks of the $MNK platform
707971464683622401,2016-03-10 16:48:45,In our most comprehensive work since $VRX Citron exposes the dirty secrets of $JCOM  A Must Read.   $27 tgt.   https://t.co/RL3GQgd05g
704749591627849728,2016-03-01 19:26:10,Citron shorting $TSLA  Supply AND demand problems should take down to $100 by years end.  News flow all around does not look good for stock
702547807761096704,2016-02-24 17:37:04,Citron Research's Andrew Left on Bloomberg TV today at 3:30 EST to discuss the state of activist short selling (and maybe a few ideas)
700392730413764608,2016-02-18 18:53:34,$UDF - Hello FBI  https://t.co/pnaOjtpJhO  Citron called when stock was $14 -2 mos ago https://t.co/EFqdIj5yFj and https://t.co/DQI35YWF0R
696703926821736450,2016-02-08 14:35:34,Andrew Left from Citron Research on Bloomberg TV at 12:10 EST to discuss why $W Wayfair will trade under $10 this year
695679934950305792,2016-02-05 18:46:36,new day...what to sell now?  $W Wayfair still the worst biz model on the internet.  It could go away and no one would care.  Tgt price $5
693120634444853248,2016-01-29 17:16:51,Citron places $80 price target on $MNST for full story go to https://t.co/Fn9MwJO3Xn  Longs have big risk with small reward
689860477132795904,2016-01-20 17:22:09,Citron believes that $AXDX is Theranos part deux.  We reiterate our $1 price target For those who forgot the story  https://t.co/VRqdoDyOo3
689507129972002816,2016-01-19 17:58:04,"Correction to Fly On Wall and others:  My tweet topic is $MBLY -- if stock is $10, it would be still overvalued at $2.1 bil. Longs warned!"
689493471741120513,2016-01-19 17:03:48,"$MBLY CItron not making the $GPRO mistake, stock is still overvalued as a teenager.  At $10 it is still an EXPENSIVE $1.8 bil company"
679318723723849728,2015-12-22 15:12:59,And for those of you who haven't read Excellent research piece on $MBLY by Suhail  https://t.co/DWMY7MqF9R ...don't say your weren't warned
679318146952507392,2015-12-22 15:10:42,$MBLY customer $F teams with $Goog for autonomous car. https://t.co/Y5DRQMLfET - Analysts silent- DUH.  Short term target $25
677169949765332992,2015-12-16 16:54:31,BTW...anyone notice the massive 144 filing?  Bloomberg also reporting on $TSLA alternatives to $mbly https://t.co/cZZRSjAYJV
677162622416891904,2015-12-16 16:25:24,"Short of the year:  2016 $MBLY   https://t.co/vd6Gl5ffP5    2014 it was $DDD, 2015 it was $GPRO.   So obvious. Peashooter to a gunfight"
675044499521986560,2015-12-10 20:08:45,$udf ponzi Can go to 0. https://t.co/eNxHsPlN6W
664082181958963201,2015-11-10 14:08:24,Andrew Left from Citron Research on CNBC power lunch today with Scott Wapner at 12:00 est to discuss $MNK
663791443450839040,2015-11-09 18:53:07,At these prices $MNK has signif more downside than $VRX-- far worse offender of the reimb sys - more to follow.  VRX can't live in a vacuum
660134898561224704,2015-10-30 16:43:19,Citron beaten to the punch on $EROS fraud story.  A halt is needed on this one.  Must Read.  Kudos AlphaExposure https://t.co/q1daPgOiuV
660115253502615553,2015-10-30 15:25:15,$VRX has a better chance of going to 0 than $HLF EVER will.  Citron to update full story on Monday.  Dirtier than anyone has reported!!
658637812468572164,2015-10-26 13:34:26,Andrew Left of Citron Research will appear on Bloomberg TV at 12:00 EST to discuss Valeant $VRX
657205260428021760,2015-10-22 14:41:59,Andrew Left of Citron Research to appear on Bloomberg TV today at 12:30 EST to discuss Valeant $VRX
656847009786126337,2015-10-21 14:58:25,"$VRX   Bronte did amazing work with same conclusion stock going to $50
https://t.co/wHgDG5sb0F"
656834451482107904,2015-10-21 14:08:31,$VRX game over....Citron publishes smoking gun
656484742691336192,2015-10-20 14:58:54,"$W UPS DESTROYS  ""free shipping"" in W's core model -- ""oversize items"" -- ""third party arranged shipments"".   https://t.co/zpySdaRdSe"
656137528936824832,2015-10-19 15:59:12,covered $NFLX short...  Asked my kids NFLX or HBO?  ..response- what's HBO?.. much easier pickings in this frothy market.
653605334020284416,2015-10-12 16:17:09,"TWOU- Short Term Price Target- $14 Faux SaaS company -- actually for-profit education, with a terminal business model"
651438141782429696,2015-10-06 16:45:30,"$AMZN Is Eviscerating retailers $W is a joke as insiders dump.  Analysts- AMZN is bigger than ""de- nile""- C U at $20 http://t.co/DxaM5C9P61"
649974678472159232,2015-10-02 15:50:13,Valeant ($VRX)- too dangerous to own. Target $125.  Citron exposes what congress will find if granted subpoena- and it's not pretty
648556510763593728,2015-09-28 17:54:56,$VRX this is not a pharma or bio problem- this is a Valeant problem.  Congress must make sure tail does not wag the dog
648554624828379136,2015-09-28 17:47:26,Citron puts VRX price target $130 short term.  http://t.co/dVIjVPakNf explains why congress should get their subpoena.
647098949837258752,2015-09-24 17:23:06,Trailer for The Big Short Movie...AWESOME  https://t.co/xZ9G68v2ox
647070461885419520,2015-09-24 15:29:54,Citron lowers target on $MBLY to $20.  How the Volkswagen debacle has strengthned  the Citron premise.  Full Story  http://t.co/Fn9MwJO3Xn
641656050244935680,2015-09-09 16:54:58,Citron Research sets short term target on $MBLY at $25....just follow the money.  Citron exposes the real Mobileye.  Worse than $amba
639083537979674624,2015-09-02 14:32:43,Citron stayed away but finally time to short $NFLX. Comp heating up and doesnt have another trick like $AAPL $GOOG $AMZN.  Back to $80
639069138774720513,2015-09-02 13:35:30,Citron covering $AMBA short.   Better opportunities elsewhere...has been a good one
638372491199578112,2015-08-31 15:27:16,Love to see Wall Street is catching on....cant wait to see these slides https://t.co/GfzRqmdZO3
638372125665947648,2015-08-31 15:25:49,"The Wayfair $W call was not tweet, it is backed up by a comprehensive report http://t.co/iDhbBkpfEH"
638368951043383296,2015-08-31 15:13:12,Citron PROVES why Wayfair $W is worth less than $10 a share.  This is a must read report.  Wayfair admits their business model does not work
634740430429515776,2015-08-21 14:54:46,Citron has been waiting for an opportunity to buy $XON PLEASE someone tie my hands and dont let me sell for a year
634738443604484097,2015-08-21 14:46:52,"$amba  first target at $90 met, now that QCOM has entered the drone market, all longs should reconsider what they really own.  Next stop $70"
634428771127332864,2015-08-20 18:16:20,Citron would rather be long AshleyMadison over $W Wayfair.  At least you can get F#$% by a hot stranger and not by wall st.
633635030544191488,2015-08-18 13:42:18,"$W any analyst who ever ever had a buy target higher than $40 on $
ZU (all of you) should be banned from even commenting on Wayfair"
633634543065395200,2015-08-18 13:40:22,$W stay tuned for Citron top 10 reason why Wayfair is going to $10
633634241524334597,2015-08-18 13:39:10,"$W  Citron got beat to the punch.  Wayfair going to $10. Best short in YEARS
http://t.co/iOqvnQtMsJ"
631144109617451009,2015-08-11 16:44:16,$WRLD  Our research might be early sometimes but you cannot argue with accuracy..it was a long time coming.  Down with predatory lending
630798708376891392,2015-08-10 17:51:46,Citron challenges @jimcramer: $AMBA under/over 119 on 3/10/2016. Loser donates $50k  to @RobinHoodNYC
628230459923656704,2015-08-03 15:46:28,$YELP seems a bit overdone.  Citron long $YELP vs a core short position in $Z  Stocks should meet somewhere in the middle in the next 12 mos
626432924041097216,2015-07-29 16:43:42,"@jimcramer  Nice to see that you are not arguing about your
 flawed analyses of $AMBA calling it the ""Brains behind drones"""
626432699197030400,2015-07-29 16:42:48,@jimcramer  The video does not lie.  Your obsession on the fundamentals of MLNX were WRONG and you didn't realize it until CFO quit.
626430982912999424,2015-07-29 16:35:59,@jimcramer working on a response that will be sent to you today
626409327188783104,2015-07-29 15:09:56,$AMBA Why the stock is going back to $90 and than much lower in the company's own words.  http://t.co/dVIjVPakNf
624594212768473088,2015-07-24 14:57:19,Want to see the future of $Z?  just look at $TRUE today.  Citron lists top 10 reasons why Zillow will break $40 this year.
616606493584920576,2015-07-02 13:56:58,"""time to re-enter $TSLA short after being patient- deleiveries were underwhleming to a watchful eye""  Good car- stupid stock"
611919536858640384,2015-06-19 15:32:41,"CItron comments on $AMBA ridiculousness. price target $60.  Rev since IPO up 100% EV up 6,000%.  Read full story http://t.co/RL3GQgd05g"
610804083071414272,2015-06-16 13:40:16,great work by Richard Pearson in explaining the dangers of owning SXC  http://t.co/u6PduScZzo
593060543969169408,2015-04-28 14:33:46,Great research by Rick Pearson on $AMCN  http://t.co/7r01aDaatT
585480383170539522,2015-04-07 16:32:55,"$CBMG we warned you yesterday- report out today.  Stock to $5
http://t.co/QIZHQG1jxR"
585075263903399936,2015-04-06 13:43:07,$CBMG total joke of a bio stock.  If you are lucky enough to get a borrow- enjoy it...stock worth $5
575288725162217472,2015-03-10 13:34:55,$LL Citron comments on why LL move may be overdone
574947887139807232,2015-03-09 15:00:32,SEC exposes $AXDX.  No viable biz.  Read - but dont finger trade
568854222805954560,2015-02-20 19:26:30,"$Z Zillow seeks restraining order to keep Trulia listings -- oops, where did our ad inventory go?  http://t.co/2XIvI8dsSy"
568123511870353408,2015-02-18 19:02:55,"$Z  Seems there is some risk/arb clusterf$#% that has forced buys and taken away borrow.  A few days, back to the same ole' shitty biz"
556100375984766976,2015-01-16 14:47:16,"$GPRO will one of you analysts PLEASE upgrade this stock, where is incompetence when you need it??"
552919365297786881,2015-01-07 20:07:04,"$bbry. A cloud platform for the Internet of things as leading tech platform in autos If only $bbry was an ipo, the mkt cap would triple"
552122522842300416,2015-01-05 15:20:42,"HNY to all. $GPRO not sold out anywhere, incl. AMZN.  This is $DDD of this year.  CES than kerplunk $30 by DEC (and that is generous)."
548491151179657216,2014-12-26 14:50:55,$GPRO Hero IS available at http://t.co/zYb4ZnTCRr best http://t.co/QC09Yi3BgV and http://t.co/rtOZ3NZagg  So much for that theory.  reit $30
532947477817602048,2014-11-13 17:25:55,$BBRY all systems a go for Mr. Chen.  New deal with Samsung makes Citron feel confident about our near term $15 target. New 52 week high
529678614158000128,2014-11-04 16:56:37,$GPRO to $30 in 12 months.  Read why at http://t.co/dVIjVPakNf
527079348877017088,2014-10-28 12:48:04,RT @markbspiegel: @DougKass WSJ article said YTD US sales THROUGH Sept. were -26%. Musk didn't respond to that-- he mentioned September ONL…
520276842885169153,2014-10-09 18:17:20,$GPRO best comp. is Beats Audio Sold for 2x sales- That makes GPRO $20. That is where GPRO is in 12 months- story to follow. buyer beware
517011251650899968,2014-09-30 18:01:02,$GPRO analysts raising tgts based on stock movement and not fundamentals create opp for shorts remember $DDD. Initiating short on $GPRO
516619449592344576,2014-09-29 16:04:09,$TXTR Investor Fraud...read at http://t.co/Fn9MwJO3Xn
509387366994542592,2014-09-09 17:06:26,$scok so your coal mine is now better than other Chinese coal mines.  LOL from a crappy RTO.  You know how this movie ends.
502837299613147136,2014-08-22 15:18:49,$JRJC - misleading headline does not mean stocks -esp in China cannot go higher.  Be Careful.  A lot of blue sky in this name and small cap
502521473303859200,2014-08-21 18:23:50,"Take It directly from JRJC annual report Why News is all hype no substance

Read: http://t.co/0EroJJOfmm"
502512590845538304,2014-08-21 17:48:32,$JRJC a product of sloppy reporters saying this is China's first online trading.  Read before you invest people.  Complete nonsense
496991852847828992,2014-08-06 12:11:06,"$NUS Citron told you so...no one ever said short selling was a one day event...that is too ""new school"" for Citron.  Many more to follow."
493811739415572481,2014-07-28 17:34:27,$z Zillow conference call without ever mentioning the world Realogy.  Like a Dominoes conference call without mentioning the word pizza
493601063355039744,2014-07-28 03:37:18,@beckyquickcnbc http://t.co/z9murm3iRg    worth a read before reporting
493600593861038082,2014-07-28 03:35:26,@SquawkCNBC   before you continue to report on ZIllow/Trulia someone at CNBC should read the other side to the story  http://t.co/Lc05ZUKoFO
493164145043197953,2014-07-26 22:41:09,$Z $ TRLA  For the real truth of their proposed marriage go to http://t.co/Fn9MwK6dbv
492389078663303168,2014-07-24 19:21:19,$Z $TRLA  rumors just ridiculous  Top 10 real estate websites COMBINED do not account for more than 50% of total real estate traffic
492312375622512640,2014-07-24 14:16:31,One year ago exact. Citron told you $ANGI was a complete lemon and we put a $6 price tgt when stock was $26.  Getting close.  Analysts LOL
489100467201249280,2014-07-15 17:33:33,$USNA as predicted by Citron - Major problems in China. Go to Citronresearch for original articles from Chinese press and update
482538599074639873,2014-06-27 14:59:01,$Z Zillow jumps the shark in New York and trouble down under.  Anyone interested in Zillow must read Citron Research
482189879749533696,2014-06-26 15:53:20,longs and shorts unite- GO USA SOCCER
481453410118418433,2014-06-24 15:06:52,"Future of $BBRY:   ""Internet of Things"" will be 5 - 10X today's internet according to John Chambers http://t.co/giGTysWJbp"
480000205580816384,2014-06-20 14:52:21,"$bbry.  read why Citron believes stock is worth $20 a share minimum  

http://t.co/ua68jWT2YB"
478902847241609216,2014-06-17 14:11:51,This is going to be fun. Market has given us some wonderful opportunities for new Citron stories- stay tuned.
464786749286526976,2014-05-09 15:19:31,$mdbx fraud has become the worst kept secret on Wall Street http://t.co/lqZrz3ZOEd
461127303058034688,2014-04-29 12:58:11,@rabite  Congrats on new fund would love to chat...hit me up via email
459011551005921280,2014-04-23 16:50:56,"$MDBX Got RESTRICTED stock promised to be registered by now, but aren't? Citron will help connect you to a qualified securities attorney"
458608736823566337,2014-04-22 14:10:18,$MDBX  must read for investors http://t.co/5i6Tv1q8Kl. Fraud is just embedded in the company. Stock will go to .007  No business here
445591188431568896,2014-03-17 16:03:12,"$MOBI  staying long...not selling, we should see higher.  Too much blue sky too little market cap, they have turned a corner"
444490385121742848,2014-03-14 15:09:00,$QCOR.  Citron releases more lab results.  Company not being honest with FDA or investors.  http://t.co/dVIjVOThLf
443785175005011969,2014-03-12 16:26:45,$MOBI  Former Citron story now in  turnaround mode.  Transition to smart phones could create big opp. if China Internet stays strong.  LONG
443409154720292865,2014-03-11 15:32:35,$PLUG   Citron comments on this casino stock.  Management wouldn't buy it at .15 cents why should you buy it at $11?
441244465877897218,2014-03-05 16:10:53,SEC starting to halt some marijuana stocks  http://t.co/8YOpPxJTek   MDBX shareholders watch out
439450556008906752,2014-02-28 17:22:31,$QCOR  Even B of A analyst does not know what is in Acthar.  This is not a credit default swap- this is a drug.  What is inside?
439445013454262272,2014-02-28 17:00:30,Citron's comments on recent $QCOR Questcor response  http://t.co/Fn9MwK6dbv
439066196478939136,2014-02-27 15:55:13,"$QCOR ""chain of custody"" was respected"
439066053872599040,2014-02-27 15:54:39,$qcor  Best practices and chain of command discip were respected in handling all samples. We are talking a world class lab.  No mistakes.
439051239238533120,2014-02-27 14:55:47,You will not believe what Citron discovered about Questcor $QCOR flagship product Acthar.  http://t.co/dVIjVOThLf
437974153073659904,2014-02-24 15:35:49,$MDBX we saw the pump- now here comes the dump- and of course violating federal securities laws. Read it on Citronresearch
435878596716945408,2014-02-18 20:48:50,Citron Research Andrew Left on CNBC at 5:08 est to discuss Medbox
435790282781511680,2014-02-18 14:57:54,@BillGriffeth How can you let Medbox FRAUD be on your show.  http://t.co/dVIjVPakNf shows how investors are being duped
435788786580979713,2014-02-18 14:51:57,@CNBCClosingBell  How Can you let Medbox on your show ?  Stock promotion.  Read http://t.co/dVIjVPakNf  Is there any CNBC integrity left?
435786502178496512,2014-02-18 14:42:53,$MDBX complete fraud.  Fraudulent Financials are just the start of it.  http://t.co/dVIjVPakNf
431437702647410688,2014-02-06 14:42:18,"$SODA  Perfect storm of bad news for shorts- the story has now changed. 
http://t.co/Fn9MwJO3Xn"
431112025423372288,2014-02-05 17:08:11,Citron's Andrew Left to appear on CNBC Fast Money today at 5:00 EST
429278538718388224,2014-01-31 15:42:33,$DDD Motley Fool worth reading for all shareholders http://t.co/ZihaHUUtRS  $56 near term tgt reit
426735013820768256,2014-01-24 15:15:30,$DDD immediate target $56. Long term MUCH lower...Citron Research exposes the real company behind the hype.
425664464914894850,2014-01-21 16:21:31,$ONVO Boiler Room action behind this obvious pump.  For proof go to http://t.co/Fn9MwJO3Xn
424239061809639424,2014-01-17 17:57:28,"$BBRY  Why the Shorts have it ALL wrong.
http://t.co/Fn9MwJO3Xn"
423886438199877632,2014-01-16 18:36:16,$HLF Citron has NO evidence that HLF is operating a pyramid in China.  Not all MLM are alike
423817930678099968,2014-01-16 14:04:03,$NUS hope you didnt buy the dip- you read it first on citron not a problem til its a problem.  Citron expose' was 3 months ago to the day
422770898001620992,2014-01-13 16:43:31,"A picture is worth 1k words.  Citron proves $TXTR CEO involvement with nefarious stock promoters, and the coverup is worse."
420583849915973632,2014-01-07 15:52:58,$TXTR Part 2.  You have to read to believe how bad management and analysts are.  $4 price target. www. http://t.co/dVIjVPakNf
416233432650248192,2013-12-26 15:45:58,"Citron Exposes Textura (NYSE:$TXTR)  $TXTR
http://t.co/dVIjVPakNf"
410855026211307522,2013-12-11 19:34:06,$ATHM  Love this IPO...buying stock here.  This should go much higher.
409148572110577665,2013-12-07 02:33:15,http://t.co/9hCjBpQUV4
409022998130073600,2013-12-06 18:14:16,"""$QCOR Not a debate about weather.  If you don't know who Michael Banigan is, you don't belong in this stock, long or short, end of story."""
409018776756051968,2013-12-06 17:57:30,$QCOR CDF office in Texas closed today for in climate weather??  28 degrees?  The story is heating up. Citron will update further
409015921458425856,2013-12-06 17:46:09,"$QCOR Michael Banigan, founder and president of the Chronic Disease Fund, is gone.   http://t.co/lMoUOV8J90  Let the indictments begin."
407920615572508672,2013-12-03 17:13:48,$QCOR already getting rid of evidence for the FTC....Citron uncovers another inconvenient truth about Acthar. http://t.co/dVIjVPakNf
405006868692484096,2013-11-25 16:15:36,"Citron reports FTC investigating $QCOR over Synacthen deal.   Insiders bail. http://t.co/dVIjVPakNf  DOJ, SEC, 2 US Atty offices and now FTC"
395926047973068801,2013-10-31 14:51:40,"Citron long $WUBA  love the deal. Compared to other Chinese names, this one could really go go go"
395919361640132608,2013-10-31 14:25:06,$NUS will become the next AVP in China...just a matter of time...you heard it here
392627865151209473,2013-10-22 12:25:52,$NUS will anyone ask on the conference call if they have downlines in China?  Harder they come the harder they fall.  China rev up 240%
390886444551516160,2013-10-17 17:06:05,$NUS fraud exposed by mainstream Chinese media.  Ackman bet on the wrong horse $NUS not $HLF has the real problems.  http://t.co/dVIjVPakNf
387219103821213696,2013-10-07 14:13:23,$ISRG is clearly violating FDA marketing rules with their new online material. Citron writes a letter to management. http://t.co/Fn9MwJO3Xn
385773431905464320,2013-10-03 14:28:48,"Citron updates $ISRG  must read for investors and potential patients.  We change target price to $200
http://t.co/Fn9MwJO3Xn"
385478391622684672,2013-10-02 18:56:25,$tsla  youtube video has Tesla on fire  http://t.co/tZrjqGOl3K  go to .26 seconds you can tell it is a Tesla...hope everyone got out ok.
383254951637434369,2013-09-26 15:41:15,$TSLA innovation brings on intense competition http://t.co/mDqozmxIYN Check out R&amp;D spend of competition (page 6) http://t.co/9QP34IVKM1
382872520652623872,2013-09-25 14:21:37,Are Tesla shareholders making the same mistake that short sellers did one year ago? http://t.co/Fn9MwJO3Xn
381058680206024706,2013-09-20 14:14:03,$Z read new report on CItron Research on why the worst is in front of them  Big problems in Zillow land.
380738967164817409,2013-09-19 17:03:38,Correction- Dan Galves from DB covered $AONE not XONE.   $AONE is bk
380736642580901888,2013-09-19 16:54:23,$TSLA analyst Dan Galves is lucky to have a job.  His only 2 other buys $HEV and $XONE BOTH BK.  God bless Wall St.  http://t.co/XkZINYAqpG
380668458607710209,2013-09-19 12:23:27,$TSLA DB upgrd sign of bubble.One yr ago this week DB upgrd $AAPL to $850. $AAPL NEVER saw 1 day higher.  http://t.co/34AfOq3933.  Cav Empt
380026233662087168,2013-09-17 17:51:29,Even more reason why $ANGI is a dinosaur that is doomed. http://t.co/luzQGyLu5r
375260894747299840,2013-09-04 14:15:43,"$FRAN shows the danger of ""playing"" a short squeeze.  Shorts are not as dumb as the market has been them out to be"
372721661398618112,2013-08-28 14:05:43,"$XONE http://t.co/Rwa0DNJpeT good job exposing this ""me too"" bs co. but they left out one key component that will be discussed at later date"
370903864045625345,2013-08-23 13:42:26,$TSLA  Citron adds some thoughtful commentary.   http://t.co/Fn9MwJO3Xn
370179076826230784,2013-08-21 13:42:24,$ANGI- The hidden danger of already an unprofitable biz. No background check http://t.co/9u6zf4EYLH   financially and socially irresponsible
365529403503030273,2013-08-08 17:46:15,$tsla getting juicy.  Citron adding to short.  Incremental buyers should dry up soon
362967134873190402,2013-08-01 16:04:43,"Former lemon now lemonade.  $APOL giving the price of equities these days, this stock could easily see $30.  Cash machine!"
362225228178399234,2013-07-30 14:56:38,Citron has stayed away til now short $tsla  Car of the future is today. Valuation has no respect for real competition http://t.co/5aH4np4kOV
360768277816942594,2013-07-26 14:27:14,Another competitor to $ANGI  http://t.co/kHd8ESfVG6
360448709122727938,2013-07-25 17:17:23,$WRLD 5 minutes of must-see TV http://t.co/xVmlbRnP6e   ...about time government!
360073696943157248,2013-07-24 16:27:13,If $Angi did not already have competition. Differnce is Ebay knows how to make $ http://t.co/r2lHClQaFS and knows real verification
360040661313003523,2013-07-24 14:15:57,$DDD your Cubify can be as dangerous as a cigarette.  Be careful when you make your Yoda head. http://t.co/Rtc3rchyM4
359372445855125505,2013-07-22 18:00:42,$GSK Glaxo held accountable in China – but a US company breaking multiple Chinese laws may be at far greater risk – major report tomm
357989896100646913,2013-07-18 22:26:57,CJîq http://t.co/vFCqiqI1NI
357136848545513472,2013-07-16 13:57:14,$Angi shareholders should read last paragraph http://t.co/iLS9vm8en6  no background checks- Great idea Angi
355353771196432384,2013-07-11 15:51:55,Citron comments on Interoil  $IOC  --  does Belesis downfall put eggs benedict on #johnpaulson face?
354599905240690689,2013-07-09 13:56:20,Citron shows that good sound fundamental investigative research is still alive and well $ISRG
344877482022952960,2013-06-12 18:02:53,"Citron dissects $ANGI , showing how they are defrauding customers while they are deceiving Wall Street.  http://t.co/Fn9MwJO3Xn"
340485948922015744,2013-05-31 15:12:30,$UNXL  great job in hurting your clients by Cowen and Craig Hallum.  Why let the truth get in the way of banking fees? What a joke
337624742053941248,2013-05-23 17:43:05,"That post was not about $LOTE it was about $NOW $WDAY $SCTY $LNKD $Z many other new economy names. Not making a short call, just asking"
337622140062945280,2013-05-23 17:32:45,"Has any 1 billion+ mkt cap company with a PE of 150+ or trading at 40x sales, grown into the stock price without a huge price correction???"
336925877923368960,2013-05-21 19:26:03,$LOTE becomes the first billion dollar otc scam.  What a great market we are in. Where are the regulators?
336545146751565824,2013-05-20 18:13:10,Long $move  Compared to $Z and $trla this stock should be trading at $17.  Expect either $Z or $IACI to bid for $MOVE. Will comment further
334344235312611328,2013-05-14 16:27:32,$WRLD  what happens if company loses credit insurance?  Citron Research tells you
332901355788333057,2013-05-10 16:54:02,"$CHE  Game Over! Government joins qui tam lawsuit, on top of last weeks suit. Will be $AMED part deux.  http://t.co/dVIjVPakNf"
329657770557202432,2013-05-01 18:05:11,Citron Research on $ANGI  The accounting is so bad that people forgot how much worse the business model is.
326723575421747200,2013-04-23 15:45:45,$UNXL time to tell the truth to shareholders.  Citron updates report at http://t.co/Fn9MwJO3Xn
324606218603741185,2013-04-17 19:32:08,$SOHU making all the right moves.  Best Chinese internet value.  Teams with Samsung http://t.co/dG10FXfWqH
322762492944191488,2013-04-12 17:25:49,$ISRG the lawsuits keep rolling in. More bad news http://t.co/cHewoC7gEe Citron will post follow up with status of Taylor case it is happens
322009423851704320,2013-04-10 15:33:23,$BRLI looks to be in a lot of trouble.  We think this is the first bit of a series of bad news to come http://t.co/kpZ3MBll4W
316571259284619264,2013-03-26 15:24:04,Breaking!!  $ISRG  loses summary judgement ruling.  Trial in 3 weeks.  All the docs $ISRG does not want you to see posted on Citron. $300 pt
314808838438154241,2013-03-21 18:40:50,$unxl smells real fishy.  Invest with caution. Stories that seem too good to be true normally are.  We have seen this before.
314371152636166144,2013-03-20 13:41:38,$ISRG  State of Mass. issuing warnings on robotic surgery.  It is all about the training.   http://t.co/iyM3syS2m6  Citron not done
311844895587459072,2013-03-13 14:23:11,$NUS  Problems in China seem imminent. On major problem $HLF does not have http://t.co/xeQJCjulGt
309042221221552128,2013-03-05 20:46:21,$SOHU should go for AT LEAST $65 a share
308642144560766977,2013-03-04 18:16:36,$ISRG http://t.co/EXKVzyfjbP  Hospitals getting cautious on robotic surgery.  More to come.
307526154695352320,2013-03-01 16:22:03,"$IOC  maybe the end is finally near for this promo...have to give them credit, lasted a lot longer than we ever imagined"
304661163264856065,2013-02-21 18:37:36,"$ISRG exposed in new lawsuit along with Journal of AMA Editorial, MUST READ. Citron affirms $300 tgt.  Go to site and read amazing story"
302129043858415616,2013-02-14 18:55:52,Buuble Stock of the Year $DDD  Read the full report  A Justin Bieber Sex Toy.....Really?
298446910937763841,2013-02-04 15:04:23,NY Post Article on $HLF is ridic. Standard warning from FOIA.  Does 30 years change because of Ackman? long $HLF Expect company to refute
292344899318202368,2013-01-18 18:57:10,$ISRG New lawsuit vs Intuitive filed: PACER Tremblay v Intuitive 3:13-cv-00231 When will the hospitals catch on ?
292344677934452736,2013-01-18 18:56:17,New lawsuit vs Intuitive filed: PACER Tremblay v Intuitive 3:13-cv-00231 When will the hospitals catch on ?
288720918275055617,2013-01-08 18:56:45,The race to the bottom is on in 3dprinting has begun. http://t.co/mhJrbcNB   Be careful before you buy $DDD without all of the facts.
281451014857564162,2012-12-19 17:28:45,"Citron comments on Intuitive Surgical (ISRG)....It is a must read for those in love with the ""darling of wall street"""
276051519013543936,2012-12-04 19:53:05,Science is the enemy of Questcor http://t.co/wG4EgjKc
264394496534528001,2012-11-02 15:52:14,$QCOR  Look who filed for generic Acthar today.  That is the key...not what but who.  Go to CitronResearch
258624672072101888,2012-10-17 17:45:01,Site is jammed...thank you Kai Fu  Read story here http://t.co/fkXeMRlA
258619379015618560,2012-10-17 17:23:59,United Health restricts Acthar.  Bad for $QCOR.  Single digits sonner than later
256774990643470337,2012-10-12 15:15:03,"@robhahn drop me a line, would love to talk to you - info@citronresearch.com"
250666305630388225,2012-09-25 18:41:19,"Rumors of NUS losing its license in China (cannot confirm), If so REAL BAD for $USNA who has as many if not more ""China issues"" than $NUS"
250664946021576704,2012-09-25 18:35:54,"Rumors of NUS losing its license in China (cannot confirm), If so REAL BAD for USNA who has as many if not more ""China issues"" than NUS"
248467096328077312,2012-09-19 17:02:26,"Being hacked, for anyone who wants to contact Citron do it here
http://t.co/q1LuxTCV"
245536722065182720,2012-09-11 14:58:11,"$NUS BEWARE FDA enforces ""unfounded genetic medical claims"" for aging products http://t.co/vTeqp7uI
are you next?"
242854887560474624,2012-09-04 05:21:31,Citron exposes the true motives behind Ka-Fu Lee's rantings.  Do you know the truth?  Go to http://t.co/9PKyFIK1
241563768138641408,2012-08-31 15:51:05,Citron responds to Mr. Kai-Fu Lee.  Go to Citron Research for letter
241171080545452033,2012-08-30 13:50:41,Citron has posted a challenge to Mr. Kai-Fu Lee.  An explanation of QIHU ARPU gets a generous donation to his favorite charity.
233207640002551809,2012-08-08 14:26:48,Watch Andrew Left from CItron on CNBC Asia at 6:45 pm EST. as he lays out the pyramid scheme that Nu Skin $NUS  is operating in China and HK
212957353170059264,2012-06-13 17:19:24,"IDNG...complete scam. If you can borrow short away, just another over the counter pump and dump"
199503254516797440,2012-05-07 14:17:37,"here is a great analysis on ZAGG, a company destined to go to 0. http://t.co/vNExebK3"
184312226964963328,2012-03-26 16:13:53,"I am usually a suspect of takeout chatter but hearing on SOHU, wouldn't doubt it, insider buying, look for over $70."
179627660249534466,2012-03-13 17:59:06,"Andrew from Citron Research on CNBC Asia  
today at 5:30 pst to discuss why SOHU can be a $90 stock"
144430918088654848,2011-12-07 14:59:48,Andrew Left from Citron will be on CNBC Asia Squawk Box today at 5:30 est to describe the massive fraud at QIHU...Tune in
143789310167101440,2011-12-05 20:30:17,"Is Qihu fraudulently portraying their numbers to Wall St or just a terminal business, you decide.  Read new report.  Please send us feedback"
116503839716294657,2011-09-21 13:27:34,Thefinancialinvestigator.com  out this morning with more proof of fraud at Harbin Electric.  Cautious Investing
111101942188617728,2011-09-06 15:42:21,"Alfredlittle.com confirms massive fraud at HRBN, asks for SEC halt and has the goods to prove.  Taped conversations with Chinese officials"
105677296991617024,2011-08-22 16:26:45,"David vs. Goliath, Citron writes another report on Harbin we question some recent transactions which lack transparency. The saga continues."
104569936277536770,2011-08-19 15:06:30,"Longtop now LGFTY could go $4 Company still operating, a real takeover target.  Good risk/reward.  If company was only half a fraud worth $5"
103476676666736640,2011-08-16 14:42:16,"HMMM..June 29, 1 day before end of Q ZAGG CEO on CNBC says he hopes cash flow pos q4.  Yesterday Q they are cash flow pos. STINKY Stinky"
100635975734136834,2011-08-08 18:34:21,"Citron Going to PROVE that Harbin has no chance of takeover, all a farce...price target is $2.  We will prove in next week.  Stay Cautious"
99149625788858368,2011-08-04 16:08:07,Asia Squawk Box channel 357 Direct TV.  Citron exposes Harbin Electric Today.  6:45 EST.
98750058916364288,2011-08-03 13:40:23,"Citron out with the DEF Report on HRBN…Also A Left will be on CNBC Asia Squawk with Bernie Ho on Thursday Morning ,  as we discuss Harbin"
63265581218004992,2011-04-27 15:37:44,"For those of you who are lucky enough to borrow LEXG, it appears to be an old school Vancouver pump job....good luck"
62874510042472448,2011-04-26 13:43:46,Citron Reports on Longtop Financial (NYSE:LFT)
58597325966282752,2011-04-14 18:27:45,CHBT is 2 weeks into their audit and the stock is trading by the 52 week low....reminds us of action in CCME before auditor walked.  FRAUD
29585281032126464,2011-01-24 17:04:15,Citron Reports on WHX...great story...you have to read to believe
27298489868222464,2011-01-18 09:37:21,"So China Valve Technology has a conference call....we just posted a few questions we hope they answer, would be great for someone to ask."
